Bill_Gates/Bill_Gates_0007.jpg, Bill_Gates/Bill_Gates_0004.jpg, Colleen_Ryan/Colleen_Ryan_0001.jpg
Franko_Simatovic/Franko_Simatovic_0001.jpg, Franko_Simatovic/Franko_Simatovic_0002.jpg, Cheryl_Little/Cheryl_Little_0001.jpg
John_Ruiz/John_Ruiz_0002.jpg, John_Ruiz/John_Ruiz_0001.jpg, Rodney_Rempt/Rodney_Rempt_0001.jpg
George_HW_Bush/George_HW_Bush_0004.jpg, George_HW_Bush/George_HW_Bush_0008.jpg, Ludwig_Ovalle/Ludwig_Ovalle_0001.jpg
Debra_Brown/Debra_Brown_0001.jpg, Debra_Brown/Debra_Brown_0002.jpg, Brock_Berlin/Brock_Berlin_0001.jpg
Kim_Dae-jung/Kim_Dae-jung_0002.jpg, Kim_Dae-jung/Kim_Dae-jung_0004.jpg, Serena_Karlan/Serena_Karlan_0001.jpg
Guillaume_Soro/Guillaume_Soro_0002.jpg, Guillaume_Soro/Guillaume_Soro_0001.jpg, Will_Young/Will_Young_0001.jpg
Heidi_Fleiss/Heidi_Fleiss_0001.jpg, Heidi_Fleiss/Heidi_Fleiss_0003.jpg, Elena_Dementieva/Elena_Dementieva_0001.jpg
Luis_Ernesto_Derbez_Bautista/Luis_Ernesto_Derbez_Bautista_0002.jpg, Luis_Ernesto_Derbez_Bautista/Luis_Ernesto_Derbez_Bautista_0003.jpg, Bob_Menendez/Bob_Menendez_0001.jpg
Howard_Dean/Howard_Dean_0005.jpg, Howard_Dean/Howard_Dean_0012.jpg, Takashi_Yamamoto/Takashi_Yamamoto_0001.jpg
Gerry_Adams/Gerry_Adams_0005.jpg, Gerry_Adams/Gerry_Adams_0003.jpg, Ozzie_Smith/Ozzie_Smith_0001.jpg
Juan_Pablo_Montoya/Juan_Pablo_Montoya_0007.jpg, Juan_Pablo_Montoya/Juan_Pablo_Montoya_0001.jpg, Pham_Sy_Chien/Pham_Sy_Chien_0001.jpg
Maria_Shriver/Maria_Shriver_0005.jpg, Maria_Shriver/Maria_Shriver_0004.jpg, John_Lennon/John_Lennon_0001.jpg
Yu_Shyi-kun/Yu_Shyi-kun_0001.jpg, Yu_Shyi-kun/Yu_Shyi-kun_0004.jpg, Rosalie_Perkov/Rosalie_Perkov_0001.jpg
Ludivine_Sagnier/Ludivine_Sagnier_0004.jpg, Ludivine_Sagnier/Ludivine_Sagnier_0005.jpg, Odai_Hussein/Odai_Hussein_0001.jpg
Jiang_Zemin/Jiang_Zemin_0017.jpg, Jiang_Zemin/Jiang_Zemin_0020.jpg, Gavyn_Davies/Gavyn_Davies_0001.jpg
Jonathan_Mostow/Jonathan_Mostow_0001.jpg, Jonathan_Mostow/Jonathan_Mostow_0002.jpg, Jean_Nagel/Jean_Nagel_0001.jpg
Amanda_Coetzer/Amanda_Coetzer_0001.jpg, Amanda_Coetzer/Amanda_Coetzer_0002.jpg, David_Alpay/David_Alpay_0001.jpg
John_Howard/John_Howard_0005.jpg, John_Howard/John_Howard_0019.jpg, Keith_Osik/Keith_Osik_0001.jpg
Zhang_Ziyi/Zhang_Ziyi_0003.jpg, Zhang_Ziyi/Zhang_Ziyi_0004.jpg, Kevin_Harvick/Kevin_Harvick_0001.jpg
Carol_Moseley_Braun/Carol_Moseley_Braun_0002.jpg, Carol_Moseley_Braun/Carol_Moseley_Braun_0001.jpg, Cindy_Klassen/Cindy_Klassen_0001.jpg
Nia_Vardalos/Nia_Vardalos_0004.jpg, Nia_Vardalos/Nia_Vardalos_0002.jpg, Kevin_Gil/Kevin_Gil_0001.jpg
Richard_Armitage/Richard_Armitage_0004.jpg, Richard_Armitage/Richard_Armitage_0009.jpg, Arnaud_Lagardere/Arnaud_Lagardere_0001.jpg
Sean_OKeefe/Sean_OKeefe_0002.jpg, Sean_OKeefe/Sean_OKeefe_0003.jpg, John_Bond/John_Bond_0001.jpg
Gary_Bergeron/Gary_Bergeron_0001.jpg, Gary_Bergeron/Gary_Bergeron_0002.jpg, Richard_Penniman/Richard_Penniman_0001.jpg
John_Abizaid/John_Abizaid_0009.jpg, John_Abizaid/John_Abizaid_0004.jpg, Scott_Dickson/Scott_Dickson_0001.jpg
Stephen_Ambrose/Stephen_Ambrose_0002.jpg, Stephen_Ambrose/Stephen_Ambrose_0001.jpg, Alex_Cejka/Alex_Cejka_0001.jpg
Arnoldo_Aleman/Arnoldo_Aleman_0001.jpg, Arnoldo_Aleman/Arnoldo_Aleman_0004.jpg, Jim_Thome/Jim_Thome_0001.jpg
Julie_Gerberding/Julie_Gerberding_0004.jpg, Julie_Gerberding/Julie_Gerberding_0002.jpg, Brian_Henson/Brian_Henson_0001.jpg
Jeremy_Greenstock/Jeremy_Greenstock_0016.jpg, Jeremy_Greenstock/Jeremy_Greenstock_0014.jpg, Pascal_Affi_Nguessan/Pascal_Affi_Nguessan_0001.jpg
Christine_Todd_Whitman/Christine_Todd_Whitman_0004.jpg, Christine_Todd_Whitman/Christine_Todd_Whitman_0003.jpg, Masamori_Tokuyama/Masamori_Tokuyama_0001.jpg
Recep_Tayyip_Erdogan/Recep_Tayyip_Erdogan_0027.jpg, Recep_Tayyip_Erdogan/Recep_Tayyip_Erdogan_0011.jpg, Anthony_Rackauckas/Anthony_Rackauckas_0001.jpg
Heather_Mills/Heather_Mills_0001.jpg, Heather_Mills/Heather_Mills_0002.jpg, Stephen_Cooper/Stephen_Cooper_0001.jpg
Robert_Blackwill/Robert_Blackwill_0002.jpg, Robert_Blackwill/Robert_Blackwill_0001.jpg, Ahmed_Ibrahim_Bilal/Ahmed_Ibrahim_Bilal_0001.jpg
Dorthy_Moxley/Dorthy_Moxley_0001.jpg, Dorthy_Moxley/Dorthy_Moxley_0002.jpg, Milan_Kucan/Milan_Kucan_0001.jpg
Noelle_Bush/Noelle_Bush_0004.jpg, Noelle_Bush/Noelle_Bush_0001.jpg, Ian_Knop/Ian_Knop_0001.jpg
Igor_Ivanov/Igor_Ivanov_0012.jpg, Igor_Ivanov/Igor_Ivanov_0002.jpg, Gunilla_Backman/Gunilla_Backman_0001.jpg
Venus_Williams/Venus_Williams_0013.jpg, Venus_Williams/Venus_Williams_0004.jpg, Kirsten_Clark/Kirsten_Clark_0001.jpg
Mahathir_Mohamad/Mahathir_Mohamad_0008.jpg, Mahathir_Mohamad/Mahathir_Mohamad_0007.jpg, Jeffrey_Donaldson/Jeffrey_Donaldson_0001.jpg
Martin_Scorsese/Martin_Scorsese_0006.jpg, Martin_Scorsese/Martin_Scorsese_0005.jpg, Charley_Armey/Charley_Armey_0001.jpg
Martin_Sheen/Martin_Sheen_0001.jpg, Martin_Sheen/Martin_Sheen_0002.jpg, Pierre_Gagnon/Pierre_Gagnon_0001.jpg
Jennifer_Garner/Jennifer_Garner_0004.jpg, Jennifer_Garner/Jennifer_Garner_0007.jpg, Michael_Donovan/Michael_Donovan_0001.jpg
Augustin_Calleri/Augustin_Calleri_0003.jpg, Augustin_Calleri/Augustin_Calleri_0004.jpg, Eriko_Tamura/Eriko_Tamura_0001.jpg
Steffi_Graf/Steffi_Graf_0004.jpg, Steffi_Graf/Steffi_Graf_0005.jpg, Frederick_Madden/Frederick_Madden_0001.jpg
Elsa_Zylberstein/Elsa_Zylberstein_0004.jpg, Elsa_Zylberstein/Elsa_Zylberstein_0001.jpg, Jalen_Rose/Jalen_Rose_0001.jpg
John_Abizaid/John_Abizaid_0003.jpg, John_Abizaid/John_Abizaid_0008.jpg, Asif_Hanif/Asif_Hanif_0001.jpg
Nasser_al-Kidwa/Nasser_al-Kidwa_0001.jpg, Nasser_al-Kidwa/Nasser_al-Kidwa_0002.jpg, David_Brent/David_Brent_0001.jpg
Queen_Elizabeth_II/Queen_Elizabeth_II_0008.jpg, Queen_Elizabeth_II/Queen_Elizabeth_II_0009.jpg, Raag_Singhal/Raag_Singhal_0001.jpg
Heath_Ledger/Heath_Ledger_0002.jpg, Heath_Ledger/Heath_Ledger_0004.jpg, Paula_Dobriansky/Paula_Dobriansky_0001.jpg
Daniel_Radcliffe/Daniel_Radcliffe_0001.jpg, Daniel_Radcliffe/Daniel_Radcliffe_0002.jpg, Maria_Bello/Maria_Bello_0001.jpg
Candie_Kung/Candie_Kung_0004.jpg, Candie_Kung/Candie_Kung_0003.jpg, Robert_Wiener/Robert_Wiener_0001.jpg
Antonio_Palocci/Antonio_Palocci_0003.jpg, Antonio_Palocci/Antonio_Palocci_0004.jpg, Lawrence_Foley/Lawrence_Foley_0001.jpg
Joe_Dumars/Joe_Dumars_0002.jpg, Joe_Dumars/Joe_Dumars_0001.jpg, Stephen_Ebberharter/Stephen_Ebberharter_0001.jpg
Mike_Krzyzewski/Mike_Krzyzewski_0006.jpg, Mike_Krzyzewski/Mike_Krzyzewski_0003.jpg, Marcos_Daniel_Jimenez/Marcos_Daniel_Jimenez_0001.jpg
Gregg_Popovich/Gregg_Popovich_0001.jpg, Gregg_Popovich/Gregg_Popovich_0002.jpg, Brenda_van_Dam/Brenda_van_Dam_0001.jpg
JJ_Redick/JJ_Redick_0001.jpg, JJ_Redick/JJ_Redick_0002.jpg, Ian_Huntley/Ian_Huntley_0001.jpg
Joan_Laporta/Joan_Laporta_0003.jpg, Joan_Laporta/Joan_Laporta_0008.jpg, Luis_Pujols/Luis_Pujols_0001.jpg
Rainer_Schuettler/Rainer_Schuettler_0003.jpg, Rainer_Schuettler/Rainer_Schuettler_0001.jpg, Larry_Donald/Larry_Donald_0001.jpg
Vincent_Brooks/Vincent_Brooks_0002.jpg, Vincent_Brooks/Vincent_Brooks_0006.jpg, Martin_Torrijos/Martin_Torrijos_0001.jpg
Demi_Moore/Demi_Moore_0002.jpg, Demi_Moore/Demi_Moore_0004.jpg, Audrey_Lacroix/Audrey_Lacroix_0001.jpg
Vanessa_Incontrada/Vanessa_Incontrada_0001.jpg, Vanessa_Incontrada/Vanessa_Incontrada_0003.jpg, Ronald_Kessler/Ronald_Kessler_0001.jpg
Vince_Carter/Vince_Carter_0002.jpg, Vince_Carter/Vince_Carter_0001.jpg, Wei_Wu/Wei_Wu_0001.jpg
Catherine_Zeta-Jones/Catherine_Zeta-Jones_0010.jpg, Catherine_Zeta-Jones/Catherine_Zeta-Jones_0011.jpg, Rand_Beers/Rand_Beers_0001.jpg
Ann_Veneman/Ann_Veneman_0004.jpg, Ann_Veneman/Ann_Veneman_0006.jpg, John_Dallager/John_Dallager_0001.jpg
Bruce_Springsteen/Bruce_Springsteen_0002.jpg, Bruce_Springsteen/Bruce_Springsteen_0004.jpg, Makiko_Tanaka/Makiko_Tanaka_0001.jpg
Amelie_Mauresmo/Amelie_Mauresmo_0001.jpg, Amelie_Mauresmo/Amelie_Mauresmo_0010.jpg, Jim_Otto/Jim_Otto_0001.jpg
Michelle_Kwan/Michelle_Kwan_0006.jpg, Michelle_Kwan/Michelle_Kwan_0003.jpg, Jaime_Orti/Jaime_Orti_0001.jpg
Jeb_Bush/Jeb_Bush_0010.jpg, Jeb_Bush/Jeb_Bush_0006.jpg, Marcella_Anderson/Marcella_Anderson_0001.jpg
Franz_Fischler/Franz_Fischler_0003.jpg, Franz_Fischler/Franz_Fischler_0002.jpg, Lawrence_Di_Rita/Lawrence_Di_Rita_0001.jpg
Franz_Beckenbauer/Franz_Beckenbauer_0001.jpg, Franz_Beckenbauer/Franz_Beckenbauer_0002.jpg, Elisabeth_Welch/Elisabeth_Welch_0001.jpg
Nicole_Kidman/Nicole_Kidman_0008.jpg, Nicole_Kidman/Nicole_Kidman_0001.jpg, Elodie_Bouchez/Elodie_Bouchez_0001.jpg
Debbie_Reynolds/Debbie_Reynolds_0004.jpg, Debbie_Reynolds/Debbie_Reynolds_0002.jpg, Laura_Ziskin/Laura_Ziskin_0001.jpg
Xavier_Malisse/Xavier_Malisse_0004.jpg, Xavier_Malisse/Xavier_Malisse_0005.jpg, Dave_Potter/Dave_Potter_0001.jpg
Scott_Peterson/Scott_Peterson_0005.jpg, Scott_Peterson/Scott_Peterson_0003.jpg, Connie_Chung/Connie_Chung_0001.jpg
James_Kelly/James_Kelly_0011.jpg, James_Kelly/James_Kelly_0002.jpg, Arthur_Johnson/Arthur_Johnson_0001.jpg
John_Reilly/John_Reilly_0001.jpg, John_Reilly/John_Reilly_0002.jpg, Nora_Ephron/Nora_Ephron_0001.jpg
Tom_Daschle/Tom_Daschle_0006.jpg, Tom_Daschle/Tom_Daschle_0007.jpg, Robbie_Naish/Robbie_Naish_0001.jpg
Mireya_Moscoso/Mireya_Moscoso_0002.jpg, Mireya_Moscoso/Mireya_Moscoso_0001.jpg, Charles_Lebois/Charles_Lebois_0001.jpg
Harvey_Weinstein/Harvey_Weinstein_0001.jpg, Harvey_Weinstein/Harvey_Weinstein_0002.jpg, Troy_Polamalu/Troy_Polamalu_0001.jpg
Nick_Nolte/Nick_Nolte_0001.jpg, Nick_Nolte/Nick_Nolte_0004.jpg, Corliss_Williamson/Corliss_Williamson_0001.jpg
Tim_Robbins/Tim_Robbins_0004.jpg, Tim_Robbins/Tim_Robbins_0001.jpg, John_Velazquez/John_Velazquez_0001.jpg
Sandra_Bullock/Sandra_Bullock_0001.jpg, Sandra_Bullock/Sandra_Bullock_0003.jpg, Prince_Philippe/Prince_Philippe_0001.jpg
Queen_Elizabeth_II/Queen_Elizabeth_II_0003.jpg, Queen_Elizabeth_II/Queen_Elizabeth_II_0010.jpg, Robert_Gordon_Card/Robert_Gordon_Card_0001.jpg
Sergei_Ivanov/Sergei_Ivanov_0005.jpg, Sergei_Ivanov/Sergei_Ivanov_0003.jpg, Renato_Soru/Renato_Soru_0001.jpg
Howard_Dean/Howard_Dean_0008.jpg, Howard_Dean/Howard_Dean_0006.jpg, Hans-Christian_Schmid/Hans-Christian_Schmid_0001.jpg
Michael_Chang/Michael_Chang_0002.jpg, Michael_Chang/Michael_Chang_0003.jpg, Phillip_Fulmer/Phillip_Fulmer_0001.jpg
Monica_Seles/Monica_Seles_0006.jpg, Monica_Seles/Monica_Seles_0004.jpg, Muwafak_al-Ani/Muwafak_al-Ani_0001.jpg
Heidi_Fleiss/Heidi_Fleiss_0004.jpg, Heidi_Fleiss/Heidi_Fleiss_0002.jpg, Sue_Johnston/Sue_Johnston_0001.jpg
Diane_Green/Diane_Green_0001.jpg, Diane_Green/Diane_Green_0002.jpg, Eric_Dubin/Eric_Dubin_0001.jpg
Jean_Chretien/Jean_Chretien_0010.jpg, Jean_Chretien/Jean_Chretien_0040.jpg, Darko_Milicic/Darko_Milicic_0001.jpg
John_Rowland/John_Rowland_0001.jpg, John_Rowland/John_Rowland_0002.jpg, Barry_Bonds/Barry_Bonds_0001.jpg
Saburo_Kawabuchi/Saburo_Kawabuchi_0001.jpg, Saburo_Kawabuchi/Saburo_Kawabuchi_0002.jpg, Bill_Bradley/Bill_Bradley_0001.jpg
Jia_Qinglin/Jia_Qinglin_0001.jpg, Jia_Qinglin/Jia_Qinglin_0002.jpg, Tom_Welch/Tom_Welch_0001.jpg
Fayssal_Mekdad/Fayssal_Mekdad_0001.jpg, Fayssal_Mekdad/Fayssal_Mekdad_0002.jpg, Eric_Christian_Olsen/Eric_Christian_Olsen_0001.jpg
Jennifer_Capriati/Jennifer_Capriati_0011.jpg, Jennifer_Capriati/Jennifer_Capriati_0040.jpg, Djabir_Said-Guerni/Djabir_Said-Guerni_0001.jpg
Bulent_Ecevit/Bulent_Ecevit_0006.jpg, Bulent_Ecevit/Bulent_Ecevit_0001.jpg, Carol_Carmody/Carol_Carmody_0001.jpg
Naji_Sabri/Naji_Sabri_0002.jpg, Naji_Sabri/Naji_Sabri_0001.jpg, Paul_Luvera/Paul_Luvera_0001.jpg
Adam_Sandler/Adam_Sandler_0002.jpg, Adam_Sandler/Adam_Sandler_0003.jpg, Ian_Campbell/Ian_Campbell_0001.jpg
Vicente_Fox/Vicente_Fox_0021.jpg, Vicente_Fox/Vicente_Fox_0005.jpg, Cristiano_da_Matta/Cristiano_da_Matta_0001.jpg
Tim_Allen/Tim_Allen_0004.jpg, Tim_Allen/Tim_Allen_0001.jpg, Frank_Hilldrup/Frank_Hilldrup_0001.jpg
Abel_Pacheco/Abel_Pacheco_0003.jpg, Abel_Pacheco/Abel_Pacheco_0001.jpg, Jose_Vicente_Rangel/Jose_Vicente_Rangel_0001.jpg
Juan_Valencia_Osorio/Juan_Valencia_Osorio_0001.jpg, Juan_Valencia_Osorio/Juan_Valencia_Osorio_0002.jpg, Dan_LaCoutre/Dan_LaCoutre_0001.jpg
Bud_Selig/Bud_Selig_0004.jpg, Bud_Selig/Bud_Selig_0001.jpg, Faye_Wong/Faye_Wong_0001.jpg
John_Travolta/John_Travolta_0001.jpg, John_Travolta/John_Travolta_0005.jpg, Paul_LeClerc/Paul_LeClerc_0001.jpg
Bob_Graham/Bob_Graham_0002.jpg, Bob_Graham/Bob_Graham_0005.jpg, Brian_McIntyre/Brian_McIntyre_0001.jpg
Clare_Short/Clare_Short_0002.jpg, Clare_Short/Clare_Short_0001.jpg, Ziwang_Xu/Ziwang_Xu_0001.jpg
Luiz_Inacio_Lula_da_Silva/Luiz_Inacio_Lula_da_Silva_0030.jpg, Luiz_Inacio_Lula_da_Silva/Luiz_Inacio_Lula_da_Silva_0029.jpg, Janez_Drnovsek/Janez_Drnovsek_0001.jpg
Christopher_Walken/Christopher_Walken_0004.jpg, Christopher_Walken/Christopher_Walken_0001.jpg, Svetlana_Belousova/Svetlana_Belousova_0001.jpg
Sharon_Stone/Sharon_Stone_0001.jpg, Sharon_Stone/Sharon_Stone_0005.jpg, Kenny_Chesney/Kenny_Chesney_0001.jpg
Muhammad_Saeed_al-Sahhaf/Muhammad_Saeed_al-Sahhaf_0004.jpg, Muhammad_Saeed_al-Sahhaf/Muhammad_Saeed_al-Sahhaf_0002.jpg, Ali_Abdullah_Saleh/Ali_Abdullah_Saleh_0001.jpg
Monica_Bellucci/Monica_Bellucci_0002.jpg, Monica_Bellucci/Monica_Bellucci_0003.jpg, Hayden_Panettiere/Hayden_Panettiere_0001.jpg
Pupi_Avati/Pupi_Avati_0003.jpg, Pupi_Avati/Pupi_Avati_0001.jpg, Yale_Kamisar/Yale_Kamisar_0001.jpg
Fernando_Henrique_Cardoso/Fernando_Henrique_Cardoso_0003.jpg, Fernando_Henrique_Cardoso/Fernando_Henrique_Cardoso_0007.jpg, Paek_Nam_Sun/Paek_Nam_Sun_0001.jpg
Tom_Harkin/Tom_Harkin_0005.jpg, Tom_Harkin/Tom_Harkin_0001.jpg, Steve_Wariner/Steve_Wariner_0001.jpg
James_Wolfensohn/James_Wolfensohn_0001.jpg, James_Wolfensohn/James_Wolfensohn_0002.jpg, Zelma_Novelo/Zelma_Novelo_0001.jpg
Charlton_Heston/Charlton_Heston_0006.jpg, Charlton_Heston/Charlton_Heston_0004.jpg, Joey_Mantia/Joey_Mantia_0001.jpg
Carolina_Moraes/Carolina_Moraes_0002.jpg, Carolina_Moraes/Carolina_Moraes_0001.jpg, Warren_Truss/Warren_Truss_0001.jpg
Sergey_Lavrov/Sergey_Lavrov_0011.jpg, Sergey_Lavrov/Sergey_Lavrov_0004.jpg, Dragan_Covic/Dragan_Covic_0001.jpg
Jennifer_Aniston/Jennifer_Aniston_0017.jpg, Jennifer_Aniston/Jennifer_Aniston_0015.jpg, Romeo_Gigli/Romeo_Gigli_0001.jpg
Azra_Akin/Azra_Akin_0002.jpg, Azra_Akin/Azra_Akin_0004.jpg, Oliver_Phelps/Oliver_Phelps_0001.jpg
Helen_Clark/Helen_Clark_0002.jpg, Helen_Clark/Helen_Clark_0001.jpg, Dan_Kellner/Dan_Kellner_0001.jpg
Andre_Agassi/Andre_Agassi_0012.jpg, Andre_Agassi/Andre_Agassi_0020.jpg, Jeffrey_Ashby/Jeffrey_Ashby_0001.jpg
Bob_Hope/Bob_Hope_0001.jpg, Bob_Hope/Bob_Hope_0007.jpg, Elena_Tihomirova/Elena_Tihomirova_0001.jpg
Nan_Wang/Nan_Wang_0001.jpg, Nan_Wang/Nan_Wang_0004.jpg, Lydia_Shum/Lydia_Shum_0001.jpg
Anthony_Hopkins/Anthony_Hopkins_0001.jpg, Anthony_Hopkins/Anthony_Hopkins_0002.jpg, Dionyssis_Georgiadis/Dionyssis_Georgiadis_0001.jpg
Kevin_Costner/Kevin_Costner_0002.jpg, Kevin_Costner/Kevin_Costner_0005.jpg, Hank_Aaron/Hank_Aaron_0001.jpg
Yoriko_Kawaguchi/Yoriko_Kawaguchi_0005.jpg, Yoriko_Kawaguchi/Yoriko_Kawaguchi_0006.jpg, Giannina_Facio/Giannina_Facio_0001.jpg
John_Taylor/John_Taylor_0002.jpg, John_Taylor/John_Taylor_0001.jpg, Aidan_Quinn/Aidan_Quinn_0001.jpg
Clay_Aiken/Clay_Aiken_0006.jpg, Clay_Aiken/Clay_Aiken_0005.jpg, Teri_Files/Teri_Files_0001.jpg
Salma_Hayek/Salma_Hayek_0001.jpg, Salma_Hayek/Salma_Hayek_0009.jpg, Rodrigo_Rato/Rodrigo_Rato_0001.jpg
David_Anderson/David_Anderson_0001.jpg, David_Anderson/David_Anderson_0003.jpg, Joaquin_Sanchez/Joaquin_Sanchez_0001.jpg
Salma_Hayek/Salma_Hayek_0011.jpg, Salma_Hayek/Salma_Hayek_0008.jpg, Jennifer_Renee_Short/Jennifer_Renee_Short_0001.jpg
Hugo_Chavez/Hugo_Chavez_0023.jpg, Hugo_Chavez/Hugo_Chavez_0017.jpg, Ahmed_Lopez/Ahmed_Lopez_0001.jpg
Leslie_Ann_Woodward/Leslie_Ann_Woodward_0002.jpg, Leslie_Ann_Woodward/Leslie_Ann_Woodward_0001.jpg, Didier_Defago/Didier_Defago_0001.jpg
Shimon_Peres/Shimon_Peres_0007.jpg, Shimon_Peres/Shimon_Peres_0002.jpg, Bill_Rainer/Bill_Rainer_0001.jpg
John_Paul_II/John_Paul_II_0010.jpg, John_Paul_II/John_Paul_II_0001.jpg, Hussein_Malik/Hussein_Malik_0001.jpg
Yoko_Ono/Yoko_Ono_0004.jpg, Yoko_Ono/Yoko_Ono_0006.jpg, Joanna_Poitier/Joanna_Poitier_0001.jpg
Sourav_Ganguly/Sourav_Ganguly_0003.jpg, Sourav_Ganguly/Sourav_Ganguly_0001.jpg, Daniel_Coats/Daniel_Coats_0001.jpg
Roger_Moore/Roger_Moore_0005.jpg, Roger_Moore/Roger_Moore_0001.jpg, Patricia_Johnson/Patricia_Johnson_0001.jpg
Justine_Pasek/Justine_Pasek_0004.jpg, Justine_Pasek/Justine_Pasek_0003.jpg, Pauley_Perrette/Pauley_Perrette_0001.jpg
Brad_Johnson/Brad_Johnson_0002.jpg, Brad_Johnson/Brad_Johnson_0003.jpg, Rafael_Bielsa/Rafael_Bielsa_0001.jpg
Jonathan_Edwards/Jonathan_Edwards_0002.jpg, Jonathan_Edwards/Jonathan_Edwards_0003.jpg, Heinrich_Wolfgang/Heinrich_Wolfgang_0001.jpg
King_Abdullah_II/King_Abdullah_II_0005.jpg, King_Abdullah_II/King_Abdullah_II_0001.jpg, Steve_Redgrave/Steve_Redgrave_0001.jpg
Marc_Grossman/Marc_Grossman_0001.jpg, Marc_Grossman/Marc_Grossman_0004.jpg, Columba_Bush/Columba_Bush_0001.jpg
Bill_Graham/Bill_Graham_0004.jpg, Bill_Graham/Bill_Graham_0008.jpg, Tom_Izzo/Tom_Izzo_0001.jpg
John_Bolton/John_Bolton_0015.jpg, John_Bolton/John_Bolton_0013.jpg, Ana_Claudia_Talancon/Ana_Claudia_Talancon_0001.jpg
Mary_Carey/Mary_Carey_0002.jpg, Mary_Carey/Mary_Carey_0001.jpg, Laura_Bozzo/Laura_Bozzo_0001.jpg
Catherine_Deneuve/Catherine_Deneuve_0001.jpg, Catherine_Deneuve/Catherine_Deneuve_0003.jpg, Rainer_Geulen/Rainer_Geulen_0001.jpg
Priscilla_Presley/Priscilla_Presley_0002.jpg, Priscilla_Presley/Priscilla_Presley_0001.jpg, Sherry_Fisher/Sherry_Fisher_0001.jpg
Colin_Powell/Colin_Powell_0092.jpg, Colin_Powell/Colin_Powell_0187.jpg, Darvis_Patton/Darvis_Patton_0001.jpg
Matt_Damon/Matt_Damon_0002.jpg, Matt_Damon/Matt_Damon_0003.jpg, Richard_Greenberg/Richard_Greenberg_0001.jpg
Leander_Paes/Leander_Paes_0002.jpg, Leander_Paes/Leander_Paes_0001.jpg, Daniele_Hypolito/Daniele_Hypolito_0001.jpg
Leonardo_DiCaprio/Leonardo_DiCaprio_0008.jpg, Leonardo_DiCaprio/Leonardo_DiCaprio_0007.jpg, Ronald_Brower/Ronald_Brower_0001.jpg
Princess_Anne/Princess_Anne_0001.jpg, Princess_Anne/Princess_Anne_0002.jpg, Nathan_Doudney/Nathan_Doudney_0001.jpg
Lucy_Liu/Lucy_Liu_0005.jpg, Lucy_Liu/Lucy_Liu_0003.jpg, Shanna_Zolman/Shanna_Zolman_0001.jpg
Chuck_Yeager/Chuck_Yeager_0002.jpg, Chuck_Yeager/Chuck_Yeager_0001.jpg, Rashid_Qureshi/Rashid_Qureshi_0001.jpg
Silvan_Shalom/Silvan_Shalom_0003.jpg, Silvan_Shalom/Silvan_Shalom_0002.jpg, Chang_Jae_On/Chang_Jae_On_0001.jpg
Robert_Mueller/Robert_Mueller_0004.jpg, Robert_Mueller/Robert_Mueller_0005.jpg, Thomas_Mesereau_Jr/Thomas_Mesereau_Jr_0001.jpg
Mike_Babcock/Mike_Babcock_0001.jpg, Mike_Babcock/Mike_Babcock_0002.jpg, Pier_Ferdinando_Casini/Pier_Ferdinando_Casini_0001.jpg
Job_Cohen/Job_Cohen_0002.jpg, Job_Cohen/Job_Cohen_0001.jpg, Miranda_Otto/Miranda_Otto_0001.jpg
Paul_Martin/Paul_Martin_0001.jpg, Paul_Martin/Paul_Martin_0006.jpg, Nathan_Smith/Nathan_Smith_0001.jpg
Heidi_Klum/Heidi_Klum_0001.jpg, Heidi_Klum/Heidi_Klum_0003.jpg, Jason_Statham/Jason_Statham_0001.jpg
John_Rigas/John_Rigas_0001.jpg, John_Rigas/John_Rigas_0002.jpg, Brian_Jordan/Brian_Jordan_0001.jpg
Chris_Byrd/Chris_Byrd_0002.jpg, Chris_Byrd/Chris_Byrd_0001.jpg, Beth_Blough/Beth_Blough_0001.jpg
Vicente_Fernandez/Vicente_Fernandez_0003.jpg, Vicente_Fernandez/Vicente_Fernandez_0002.jpg, Dario_Franchitti/Dario_Franchitti_0001.jpg
Jeffrey_Scott_Postell/Jeffrey_Scott_Postell_0001.jpg, Jeffrey_Scott_Postell/Jeffrey_Scott_Postell_0002.jpg, Sterling_Hitchcock/Sterling_Hitchcock_0001.jpg
Eddy_Merckx/Eddy_Merckx_0001.jpg, Eddy_Merckx/Eddy_Merckx_0002.jpg, Catherine_Woodard/Catherine_Woodard_0001.jpg
Ciro_Gomes/Ciro_Gomes_0004.jpg, Ciro_Gomes/Ciro_Gomes_0002.jpg, Samantha_Daniels/Samantha_Daniels_0001.jpg
Gordon_Brown/Gordon_Brown_0005.jpg, Gordon_Brown/Gordon_Brown_0012.jpg, Paul_Wollnough/Paul_Wollnough_0001.jpg
Meryl_Streep/Meryl_Streep_0013.jpg, Meryl_Streep/Meryl_Streep_0009.jpg, Stella_McCartney/Stella_McCartney_0001.jpg
Jennifer_Keller/Jennifer_Keller_0001.jpg, Jennifer_Keller/Jennifer_Keller_0003.jpg, Tina_Andrews/Tina_Andrews_0001.jpg
Mike_Scioscia/Mike_Scioscia_0002.jpg, Mike_Scioscia/Mike_Scioscia_0001.jpg, Linn_Thornton/Linn_Thornton_0001.jpg
Frank_Dunham_Jr/Frank_Dunham_Jr_0002.jpg, Frank_Dunham_Jr/Frank_Dunham_Jr_0001.jpg, Tina_Conner/Tina_Conner_0001.jpg
Suzanne_Gaudet/Suzanne_Gaudet_0001.jpg, Suzanne_Gaudet/Suzanne_Gaudet_0002.jpg, Estelle_Morris/Estelle_Morris_0001.jpg
Angela_Merkel/Angela_Merkel_0001.jpg, Angela_Merkel/Angela_Merkel_0005.jpg, Sybille_Schmid/Sybille_Schmid_0001.jpg
Pascal_Lamy/Pascal_Lamy_0001.jpg, Pascal_Lamy/Pascal_Lamy_0002.jpg, Matthew_Ouimet/Matthew_Ouimet_0001.jpg
Paul_Byrd/Paul_Byrd_0001.jpg, Paul_Byrd/Paul_Byrd_0002.jpg, Leandro_Garcia/Leandro_Garcia_0001.jpg
Lucio_Gutierrez/Lucio_Gutierrez_0008.jpg, Lucio_Gutierrez/Lucio_Gutierrez_0004.jpg, Will_Self/Will_Self_0001.jpg
Mahathir_Mohamad/Mahathir_Mohamad_0014.jpg, Mahathir_Mohamad/Mahathir_Mohamad_0010.jpg, Mariana_Ohata/Mariana_Ohata_0001.jpg
Holly_Hunter/Holly_Hunter_0006.jpg, Holly_Hunter/Holly_Hunter_0007.jpg, Kim_Hong-up/Kim_Hong-up_0001.jpg
Amanda_Bynes/Amanda_Bynes_0002.jpg, Amanda_Bynes/Amanda_Bynes_0004.jpg, Guillaume_Cannet/Guillaume_Cannet_0001.jpg
James_Butts/James_Butts_0002.jpg, James_Butts/James_Butts_0001.jpg, Dale_Earnhardt/Dale_Earnhardt_0001.jpg
Arianna_Huffington/Arianna_Huffington_0004.jpg, Arianna_Huffington/Arianna_Huffington_0002.jpg, Rogelio_Ramos/Rogelio_Ramos_0001.jpg
Habib_Rizieq/Habib_Rizieq_0001.jpg, Habib_Rizieq/Habib_Rizieq_0005.jpg, Anastasia_Kelesidou/Anastasia_Kelesidou_0001.jpg
Li_Zhaoxing/Li_Zhaoxing_0008.jpg, Li_Zhaoxing/Li_Zhaoxing_0005.jpg, Jane_Walker_Wood/Jane_Walker_Wood_0001.jpg
Ariel_Sharon/Ariel_Sharon_0019.jpg, Ariel_Sharon/Ariel_Sharon_0059.jpg, Peggy_McGuinness/Peggy_McGuinness_0001.jpg
Phil_Gramm/Phil_Gramm_0002.jpg, Phil_Gramm/Phil_Gramm_0001.jpg, Martin_Howard/Martin_Howard_0001.jpg
Francisco_Flores/Francisco_Flores_0003.jpg, Francisco_Flores/Francisco_Flores_0002.jpg, Yang_Hee_Kim/Yang_Hee_Kim_0001.jpg
Carla_Del_Ponte/Carla_Del_Ponte_0005.jpg, Carla_Del_Ponte/Carla_Del_Ponte_0001.jpg, Jonathan_Karsh/Jonathan_Karsh_0001.jpg
John_Manley/John_Manley_0006.jpg, John_Manley/John_Manley_0003.jpg, Cristian_Barros/Cristian_Barros_0001.jpg
Russell_Coutts/Russell_Coutts_0002.jpg, Russell_Coutts/Russell_Coutts_0001.jpg, Ron_Zook/Ron_Zook_0001.jpg
Jong_Wook_Lee/Jong_Wook_Lee_0003.jpg, Jong_Wook_Lee/Jong_Wook_Lee_0004.jpg, Aline_Chretien/Aline_Chretien_0001.jpg
Zhu_Rongji/Zhu_Rongji_0009.jpg, Zhu_Rongji/Zhu_Rongji_0003.jpg, Landon_Donovan/Landon_Donovan_0001.jpg
Ernesto_Zedillo/Ernesto_Zedillo_0002.jpg, Ernesto_Zedillo/Ernesto_Zedillo_0001.jpg, Sergio_Castellitto/Sergio_Castellitto_0001.jpg
Marco_Antonio_Barrera/Marco_Antonio_Barrera_0006.jpg, Marco_Antonio_Barrera/Marco_Antonio_Barrera_0001.jpg, Jeff_Dederian/Jeff_Dederian_0001.jpg
Omar_Sharif/Omar_Sharif_0003.jpg, Omar_Sharif/Omar_Sharif_0004.jpg, John_Marburger/John_Marburger_0001.jpg
Barry_Zito/Barry_Zito_0001.jpg, Barry_Zito/Barry_Zito_0002.jpg, Michael_Bolton/Michael_Bolton_0001.jpg
Gerardo_Gambala/Gerardo_Gambala_0001.jpg, Gerardo_Gambala/Gerardo_Gambala_0002.jpg, Sandra_Banning/Sandra_Banning_0001.jpg
Paradorn_Srichaphan/Paradorn_Srichaphan_0002.jpg, Paradorn_Srichaphan/Paradorn_Srichaphan_0001.jpg, Mike_Easley/Mike_Easley_0001.jpg
Jackie_Chan/Jackie_Chan_0001.jpg, Jackie_Chan/Jackie_Chan_0010.jpg, Paul_Henderson/Paul_Henderson_0001.jpg
Bob_Hope/Bob_Hope_0002.jpg, Bob_Hope/Bob_Hope_0008.jpg, Rolf_Zimmermann/Rolf_Zimmermann_0001.jpg
Dennis_Erickson/Dennis_Erickson_0002.jpg, Dennis_Erickson/Dennis_Erickson_0001.jpg, Dave_Williams/Dave_Williams_0001.jpg
Andrew_Niccol/Andrew_Niccol_0002.jpg, Andrew_Niccol/Andrew_Niccol_0001.jpg, Steve_Kerr/Steve_Kerr_0001.jpg
Elizabeth_Smart/Elizabeth_Smart_0001.jpg, Elizabeth_Smart/Elizabeth_Smart_0005.jpg, Chris_Klein/Chris_Klein_0001.jpg
Gloria_Trevi/Gloria_Trevi_0002.jpg, Gloria_Trevi/Gloria_Trevi_0004.jpg, Tim_Blake_Nelson/Tim_Blake_Nelson_0001.jpg
Mohammad_Khatami/Mohammad_Khatami_0009.jpg, Mohammad_Khatami/Mohammad_Khatami_0003.jpg, Hartmut_Mehdorn/Hartmut_Mehdorn_0001.jpg
Colin_Montgomerie/Colin_Montgomerie_0001.jpg, Colin_Montgomerie/Colin_Montgomerie_0005.jpg, Beatrice_Dalle/Beatrice_Dalle_0001.jpg
Nelson_Mandela/Nelson_Mandela_0001.jpg, Nelson_Mandela/Nelson_Mandela_0004.jpg, Steve_McManaman/Steve_McManaman_0001.jpg
Tsutomu_Takebe/Tsutomu_Takebe_0002.jpg, Tsutomu_Takebe/Tsutomu_Takebe_0001.jpg, Nancy_Powell/Nancy_Powell_0001.jpg
Wayne_Gretzky/Wayne_Gretzky_0003.jpg, Wayne_Gretzky/Wayne_Gretzky_0001.jpg, Chistian_Stahl/Chistian_Stahl_0001.jpg
Jeong_Se-hyun/Jeong_Se-hyun_0004.jpg, Jeong_Se-hyun/Jeong_Se-hyun_0003.jpg, Dominik_Hrbaty/Dominik_Hrbaty_0001.jpg
Abel_Pacheco/Abel_Pacheco_0002.jpg, Abel_Pacheco/Abel_Pacheco_0004.jpg, Art_Cooper/Art_Cooper_0001.jpg
Nadia_Petrova/Nadia_Petrova_0003.jpg, Nadia_Petrova/Nadia_Petrova_0001.jpg, Bill_Readdy/Bill_Readdy_0001.jpg
Fujio_Cho/Fujio_Cho_0006.jpg, Fujio_Cho/Fujio_Cho_0005.jpg, Mahima_Chaudhari/Mahima_Chaudhari_0001.jpg
Lance_Bass/Lance_Bass_0001.jpg, Lance_Bass/Lance_Bass_0002.jpg, Beyonce_Knowles/Beyonce_Knowles_0001.jpg
Paul_Burrell/Paul_Burrell_0003.jpg, Paul_Burrell/Paul_Burrell_0005.jpg, Seth_Gorney/Seth_Gorney_0001.jpg
Aleksander_Kwasniewski/Aleksander_Kwasniewski_0002.jpg, Aleksander_Kwasniewski/Aleksander_Kwasniewski_0003.jpg, Jenna_Elfman/Jenna_Elfman_0001.jpg
Brian_Heidik/Brian_Heidik_0001.jpg, Brian_Heidik/Brian_Heidik_0002.jpg, Bob_Taft/Bob_Taft_0001.jpg
Joan_Laporta/Joan_Laporta_0001.jpg, Joan_Laporta/Joan_Laporta_0009.jpg, Donald_Keck/Donald_Keck_0001.jpg
Bashar_Assad/Bashar_Assad_0002.jpg, Bashar_Assad/Bashar_Assad_0004.jpg, Gina_Centrello/Gina_Centrello_0001.jpg
Tomoko_Hagiwara/Tomoko_Hagiwara_0002.jpg, Tomoko_Hagiwara/Tomoko_Hagiwara_0001.jpg, Rohinton_Mistry/Rohinton_Mistry_0001.jpg
Mariah_Carey/Mariah_Carey_0007.jpg, Mariah_Carey/Mariah_Carey_0004.jpg, Prince_Felipe/Prince_Felipe_0001.jpg
Yoko_Ono/Yoko_Ono_0002.jpg, Yoko_Ono/Yoko_Ono_0003.jpg, Calbert_Cheaney/Calbert_Cheaney_0001.jpg
Jong_Wook_Lee/Jong_Wook_Lee_0002.jpg, Jong_Wook_Lee/Jong_Wook_Lee_0001.jpg, Paul_Schrader/Paul_Schrader_0001.jpg
Raquel_Welch/Raquel_Welch_0001.jpg, Raquel_Welch/Raquel_Welch_0002.jpg, Carroll_Weimer/Carroll_Weimer_0001.jpg
Roh_Moo-hyun/Roh_Moo-hyun_0003.jpg, Roh_Moo-hyun/Roh_Moo-hyun_0001.jpg, Brandon_Spann/Brandon_Spann_0001.jpg
Ben_Howland/Ben_Howland_0002.jpg, Ben_Howland/Ben_Howland_0004.jpg, Rena_Sofer/Rena_Sofer_0001.jpg
Hillary_Clinton/Hillary_Clinton_0001.jpg, Hillary_Clinton/Hillary_Clinton_0005.jpg, James_Brosnahan/James_Brosnahan_0001.jpg
George_Foreman/George_Foreman_0002.jpg, George_Foreman/George_Foreman_0001.jpg, Tom_OBrien/Tom_OBrien_0001.jpg
Rebecca_Romijn-Stamos/Rebecca_Romijn-Stamos_0004.jpg, Rebecca_Romijn-Stamos/Rebecca_Romijn-Stamos_0001.jpg, Marina_Hands/Marina_Hands_0001.jpg
Tom_Craddick/Tom_Craddick_0002.jpg, Tom_Craddick/Tom_Craddick_0003.jpg, Jose_Alencar/Jose_Alencar_0001.jpg
Ernie_Els/Ernie_Els_0001.jpg, Ernie_Els/Ernie_Els_0003.jpg, Andres_Pastrana/Andres_Pastrana_0001.jpg
Jimmy_Carter/Jimmy_Carter_0009.jpg, Jimmy_Carter/Jimmy_Carter_0001.jpg, Roberto_Lavagna/Roberto_Lavagna_0001.jpg
Jeb_Bush/Jeb_Bush_0001.jpg, Jeb_Bush/Jeb_Bush_0005.jpg, Patricia_Hearst/Patricia_Hearst_0001.jpg
Cruz_Bustamante/Cruz_Bustamante_0004.jpg, Cruz_Bustamante/Cruz_Bustamante_0001.jpg, Vadim_Devyatovskiy/Vadim_Devyatovskiy_0001.jpg
Mike_Helton/Mike_Helton_0001.jpg, Mike_Helton/Mike_Helton_0002.jpg, David_Ballantyne/David_Ballantyne_0001.jpg
Richard_Myers/Richard_Myers_0004.jpg, Richard_Myers/Richard_Myers_0002.jpg, Mia_Mottley/Mia_Mottley_0001.jpg
Evander_Holyfield/Evander_Holyfield_0002.jpg, Evander_Holyfield/Evander_Holyfield_0001.jpg, Laura_Marlow/Laura_Marlow_0001.jpg
John_Abizaid/John_Abizaid_0001.jpg, John_Abizaid/John_Abizaid_0002.jpg, Armando_Carrillo/Armando_Carrillo_0001.jpg
Tom_Crean/Tom_Crean_0001.jpg, Tom_Crean/Tom_Crean_0004.jpg, Jason_Biggs/Jason_Biggs_0001.jpg
Oxana_Fedorova/Oxana_Fedorova_0003.jpg, Oxana_Fedorova/Oxana_Fedorova_0002.jpg, Eddy_Hartenstein/Eddy_Hartenstein_0001.jpg
Frank_Solich/Frank_Solich_0002.jpg, Frank_Solich/Frank_Solich_0005.jpg, William_Delahunt/William_Delahunt_0001.jpg
Marcelo_Rios/Marcelo_Rios_0005.jpg, Marcelo_Rios/Marcelo_Rios_0001.jpg, Jonathan_Schroeder/Jonathan_Schroeder_0001.jpg
Bijan_Namdar_Zangeneh/Bijan_Namdar_Zangeneh_0001.jpg, Bijan_Namdar_Zangeneh/Bijan_Namdar_Zangeneh_0002.jpg, Talisa_Soto/Talisa_Soto_0001.jpg
Renee_Zellweger/Renee_Zellweger_0017.jpg, Renee_Zellweger/Renee_Zellweger_0003.jpg, Robert_Altman/Robert_Altman_0001.jpg
Joseph_Blatter/Joseph_Blatter_0002.jpg, Joseph_Blatter/Joseph_Blatter_0001.jpg, Bill_Byrne/Bill_Byrne_0001.jpg
Julie_Taymor/Julie_Taymor_0002.jpg, Julie_Taymor/Julie_Taymor_0001.jpg, JC_Chasez/JC_Chasez_0001.jpg
Carlos_Vives/Carlos_Vives_0001.jpg, Carlos_Vives/Carlos_Vives_0003.jpg, Diego_Diego_Lerman/Diego_Diego_Lerman_0001.jpg
Zoran_Djindjic/Zoran_Djindjic_0004.jpg, Zoran_Djindjic/Zoran_Djindjic_0001.jpg, TJ_Ford/TJ_Ford_0001.jpg
Paul_McCartney/Paul_McCartney_0006.jpg, Paul_McCartney/Paul_McCartney_0005.jpg, Khalid_Qazi/Khalid_Qazi_0001.jpg
Keanu_Reeves/Keanu_Reeves_0003.jpg, Keanu_Reeves/Keanu_Reeves_0007.jpg, Perry_Farrell/Perry_Farrell_0001.jpg
Richard_Norton-Taylor/Richard_Norton-Taylor_0002.jpg, Richard_Norton-Taylor/Richard_Norton-Taylor_0001.jpg, Alberta_Lee/Alberta_Lee_0001.jpg
Hun_Sen/Hun_Sen_0001.jpg, Hun_Sen/Hun_Sen_0002.jpg, Laura_Gobai/Laura_Gobai_0001.jpg
Reese_Witherspoon/Reese_Witherspoon_0001.jpg, Reese_Witherspoon/Reese_Witherspoon_0004.jpg, Manuel_Pellegrini/Manuel_Pellegrini_0001.jpg
Raoul_Ruiz/Raoul_Ruiz_0004.jpg, Raoul_Ruiz/Raoul_Ruiz_0003.jpg, John_Fox/John_Fox_0001.jpg
Hillary_Clinton/Hillary_Clinton_0003.jpg, Hillary_Clinton/Hillary_Clinton_0008.jpg, Frank_Marshall/Frank_Marshall_0001.jpg
Dean_Barkley/Dean_Barkley_0003.jpg, Dean_Barkley/Dean_Barkley_0002.jpg, Julian_Battle/Julian_Battle_0001.jpg
Alastair_Campbell/Alastair_Campbell_0005.jpg, Alastair_Campbell/Alastair_Campbell_0004.jpg, Richard_Parsons/Richard_Parsons_0001.jpg
Joe_Nichols/Joe_Nichols_0001.jpg, Joe_Nichols/Joe_Nichols_0002.jpg, Alyson_Hannigan/Alyson_Hannigan_0001.jpg
Hillary_Clinton/Hillary_Clinton_0014.jpg, Hillary_Clinton/Hillary_Clinton_0004.jpg, Paul_Desmarais/Paul_Desmarais_0001.jpg
Rupert_Murdoch/Rupert_Murdoch_0002.jpg, Rupert_Murdoch/Rupert_Murdoch_0001.jpg, Anthony_Ervin/Anthony_Ervin_0001.jpg
Sheryl_Crow/Sheryl_Crow_0005.jpg, Sheryl_Crow/Sheryl_Crow_0006.jpg, Cecilia_Chang/Cecilia_Chang_0001.jpg
Patrick_Ewing/Patrick_Ewing_0002.jpg, Patrick_Ewing/Patrick_Ewing_0001.jpg, Brian_Williams/Brian_Williams_0001.jpg
Rick_Pitino/Rick_Pitino_0003.jpg, Rick_Pitino/Rick_Pitino_0002.jpg, Adriana_Perez_Navarro/Adriana_Perez_Navarro_0001.jpg
Carmen_Electra/Carmen_Electra_0001.jpg, Carmen_Electra/Carmen_Electra_0006.jpg, Melvin_Talbert/Melvin_Talbert_0001.jpg
Brendan_Hansen/Brendan_Hansen_0001.jpg, Brendan_Hansen/Brendan_Hansen_0002.jpg, Richard_Chamberlain/Richard_Chamberlain_0001.jpg
Richard_Crenna/Richard_Crenna_0001.jpg, Richard_Crenna/Richard_Crenna_0002.jpg, Dan_Dickau/Dan_Dickau_0001.jpg
Robert_De_Niro/Robert_De_Niro_0005.jpg, Robert_De_Niro/Robert_De_Niro_0003.jpg, Maria_Burks/Maria_Burks_0001.jpg
George_Ryan/George_Ryan_0004.jpg, George_Ryan/George_Ryan_0002.jpg, Barry_Collier/Barry_Collier_0001.jpg
Vivica_Fox/Vivica_Fox_0002.jpg, Vivica_Fox/Vivica_Fox_0001.jpg, Haydar_Aliyev/Haydar_Aliyev_0001.jpg
Dan_Wheldon/Dan_Wheldon_0002.jpg, Dan_Wheldon/Dan_Wheldon_0001.jpg, Paige_Fitzgerald/Paige_Fitzgerald_0001.jpg
Mohamed_Benaissa/Mohamed_Benaissa_0001.jpg, Mohamed_Benaissa/Mohamed_Benaissa_0002.jpg, Evan_Marriott/Evan_Marriott_0001.jpg
Allen_Iverson/Allen_Iverson_0001.jpg, Allen_Iverson/Allen_Iverson_0002.jpg, Shigeo_Nagashima/Shigeo_Nagashima_0001.jpg
Lim_Dong-won/Lim_Dong-won_0001.jpg, Lim_Dong-won/Lim_Dong-won_0002.jpg, Joel_Todd/Joel_Todd_0001.jpg
Lee_Hoi-chang/Lee_Hoi-chang_0004.jpg, Lee_Hoi-chang/Lee_Hoi-chang_0002.jpg, Darryl_Stingley/Darryl_Stingley_0001.jpg
Vincent_Brooks/Vincent_Brooks_0005.jpg, Vincent_Brooks/Vincent_Brooks_0007.jpg, Tatyana_Tomashova/Tatyana_Tomashova_0001.jpg
Jim_Hahn/Jim_Hahn_0002.jpg, Jim_Hahn/Jim_Hahn_0003.jpg, Thomas_Weston/Thomas_Weston_0001.jpg
Paul_Bremer/Paul_Bremer_0005.jpg, Paul_Bremer/Paul_Bremer_0004.jpg, Mike_Gable/Mike_Gable_0001.jpg
Vitali_Klitschko/Vitali_Klitschko_0003.jpg, Vitali_Klitschko/Vitali_Klitschko_0002.jpg, Bobby_Bowden/Bobby_Bowden_0001.jpg
William_Donaldson/William_Donaldson_0007.jpg, William_Donaldson/William_Donaldson_0004.jpg, Natalia_Dmitrieva/Natalia_Dmitrieva_0001.jpg
Nicanor_Duarte_Frutos/Nicanor_Duarte_Frutos_0010.jpg, Nicanor_Duarte_Frutos/Nicanor_Duarte_Frutos_0001.jpg, Ekaterina_Dmitriev/Ekaterina_Dmitriev_0001.jpg
Francis_Mer/Francis_Mer_0002.jpg, Francis_Mer/Francis_Mer_0001.jpg, Oliver_Stone/Oliver_Stone_0001.jpg
Mike_Martz/Mike_Martz_0004.jpg, Mike_Martz/Mike_Martz_0005.jpg, Larry_Tanenbaum/Larry_Tanenbaum_0001.jpg
Alan_Mulally/Alan_Mulally_0002.jpg, Alan_Mulally/Alan_Mulally_0001.jpg, Phillips_Idowu/Phillips_Idowu_0001.jpg
Madonna/Madonna_0002.jpg, Madonna/Madonna_0005.jpg, Andy_Graves/Andy_Graves_0001.jpg
Norah_Jones/Norah_Jones_0010.jpg, Norah_Jones/Norah_Jones_0002.jpg, Filip_De_Winter/Filip_De_Winter_0001.jpg
LeBron_James/LeBron_James_0005.jpg, LeBron_James/LeBron_James_0004.jpg, Joe_Glover/Joe_Glover_0001.jpg
Richard_Myers/Richard_Myers_0013.jpg, Richard_Myers/Richard_Myers_0012.jpg, Dominic_Monaghan/Dominic_Monaghan_0001.jpg
Lindsay_Davenport/Lindsay_Davenport_0003.jpg, Lindsay_Davenport/Lindsay_Davenport_0002.jpg, Dick_Devine/Dick_Devine_0001.jpg
Justin_Timberlake/Justin_Timberlake_0005.jpg, Justin_Timberlake/Justin_Timberlake_0007.jpg, Alan_Stonecipher/Alan_Stonecipher_0001.jpg
Luis_Gonzalez_Macchi/Luis_Gonzalez_Macchi_0001.jpg, Luis_Gonzalez_Macchi/Luis_Gonzalez_Macchi_0004.jpg, Ilie_Nastase/Ilie_Nastase_0001.jpg
Marco_Antonio_Barrera/Marco_Antonio_Barrera_0002.jpg, Marco_Antonio_Barrera/Marco_Antonio_Barrera_0005.jpg, Kelly_Osbourne/Kelly_Osbourne_0001.jpg
Zinedine_Zidane/Zinedine_Zidane_0004.jpg, Zinedine_Zidane/Zinedine_Zidane_0003.jpg, Lemuel_Montulo/Lemuel_Montulo_0001.jpg
Alejandro_Toledo/Alejandro_Toledo_0004.jpg, Alejandro_Toledo/Alejandro_Toledo_0013.jpg, Toby_Keith/Toby_Keith_0001.jpg
Russell_Simmons/Russell_Simmons_0005.jpg, Russell_Simmons/Russell_Simmons_0004.jpg, Frederique_van_der_Wal/Frederique_van_der_Wal_0001.jpg
Leonardo_DiCaprio/Leonardo_DiCaprio_0002.jpg, Leonardo_DiCaprio/Leonardo_DiCaprio_0005.jpg, Ralph_Nader/Ralph_Nader_0001.jpg
Maria_Soledad_Alvear_Valenzuela/Maria_Soledad_Alvear_Valenzuela_0005.jpg, Maria_Soledad_Alvear_Valenzuela/Maria_Soledad_Alvear_Valenzuela_0002.jpg, Jaymon_Crabb/Jaymon_Crabb_0001.jpg
John_Allen_Muhammad/John_Allen_Muhammad_0008.jpg, John_Allen_Muhammad/John_Allen_Muhammad_0007.jpg, Carlos_Beltran/Carlos_Beltran_0001.jpg
Ian_Thorpe/Ian_Thorpe_0009.jpg, Ian_Thorpe/Ian_Thorpe_0005.jpg, Giselle_Estefania_Tavarelli/Giselle_Estefania_Tavarelli_0001.jpg
Larry_Coker/Larry_Coker_0004.jpg, Larry_Coker/Larry_Coker_0003.jpg, Ira_Einhorn/Ira_Einhorn_0001.jpg
Dennis_Hastert/Dennis_Hastert_0005.jpg, Dennis_Hastert/Dennis_Hastert_0001.jpg, Huan_Chung_Yi/Huan_Chung_Yi_0001.jpg
Romano_Prodi/Romano_Prodi_0004.jpg, Romano_Prodi/Romano_Prodi_0001.jpg, Noer_Muis/Noer_Muis_0001.jpg
Saddam_Hussein/Saddam_Hussein_0005.jpg, Saddam_Hussein/Saddam_Hussein_0022.jpg, Billy_Beane/Billy_Beane_0001.jpg
Ricardo_Lagos/Ricardo_Lagos_0024.jpg, Ricardo_Lagos/Ricardo_Lagos_0015.jpg, Sanja_Papic/Sanja_Papic_0001.jpg
Silvan_Shalom/Silvan_Shalom_0004.jpg, Silvan_Shalom/Silvan_Shalom_0006.jpg, Jonathan_Byrd/Jonathan_Byrd_0001.jpg
Hichiro_Naemura/Hichiro_Naemura_0001.jpg, Hichiro_Naemura/Hichiro_Naemura_0002.jpg, Pat_Summerall/Pat_Summerall_0001.jpg
Robert_Duvall/Robert_Duvall_0005.jpg, Robert_Duvall/Robert_Duvall_0006.jpg, Nikki_Cascone/Nikki_Cascone_0001.jpg
Anthony_LaPaglia/Anthony_LaPaglia_0001.jpg, Anthony_LaPaglia/Anthony_LaPaglia_0002.jpg, Benjamin_McKenzie/Benjamin_McKenzie_0001.jpg
Justine_Pasek/Justine_Pasek_0005.jpg, Justine_Pasek/Justine_Pasek_0006.jpg, Gideon_Yago/Gideon_Yago_0001.jpg
Yasser_Arafat/Yasser_Arafat_0004.jpg, Yasser_Arafat/Yasser_Arafat_0005.jpg, Pierre_Van_Hooijdonk/Pierre_Van_Hooijdonk_0001.jpg
George_Clooney/George_Clooney_0004.jpg, George_Clooney/George_Clooney_0009.jpg, Pak_Gil_Yon/Pak_Gil_Yon_0001.jpg
Sally_Kirkland/Sally_Kirkland_0003.jpg, Sally_Kirkland/Sally_Kirkland_0004.jpg, Stephane_Delajoux/Stephane_Delajoux_0001.jpg
Hamid_Karzai/Hamid_Karzai_0019.jpg, Hamid_Karzai/Hamid_Karzai_0006.jpg, Kate_Burton/Kate_Burton_0001.jpg
Geoff_Hoon/Geoff_Hoon_0006.jpg, Geoff_Hoon/Geoff_Hoon_0002.jpg, Rudy_Tomjanovich/Rudy_Tomjanovich_0001.jpg
Hillary_Clinton/Hillary_Clinton_0013.jpg, Hillary_Clinton/Hillary_Clinton_0009.jpg, Ester_Canadas/Ester_Canadas_0001.jpg
George_HW_Bush/George_HW_Bush_0003.jpg, George_HW_Bush/George_HW_Bush_0006.jpg, Steve_Case/Steve_Case_0001.jpg
Kathy_Winters/Kathy_Winters_0002.jpg, Kathy_Winters/Kathy_Winters_0001.jpg, Robert_Durst/Robert_Durst_0001.jpg
Vanessa_Redgrave/Vanessa_Redgrave_0004.jpg, Vanessa_Redgrave/Vanessa_Redgrave_0005.jpg, Brandon_Robinson/Brandon_Robinson_0001.jpg
Gordon_Brown/Gordon_Brown_0011.jpg, Gordon_Brown/Gordon_Brown_0009.jpg, Ben_Stein/Ben_Stein_0001.jpg
Bertie_Ahern/Bertie_Ahern_0005.jpg, Bertie_Ahern/Bertie_Ahern_0002.jpg, Pierre_Png/Pierre_Png_0001.jpg
Jerry_Regier/Jerry_Regier_0001.jpg, Jerry_Regier/Jerry_Regier_0002.jpg, Buck_Rodgers/Buck_Rodgers_0001.jpg
Sean_Patrick_OMalley/Sean_Patrick_OMalley_0002.jpg, Sean_Patrick_OMalley/Sean_Patrick_OMalley_0001.jpg, Frank_Wycheck/Frank_Wycheck_0001.jpg
Dominique_de_Villepin/Dominique_de_Villepin_0001.jpg, Dominique_de_Villepin/Dominique_de_Villepin_0009.jpg, Stephen_Arigbabu/Stephen_Arigbabu_0001.jpg
Justin_Timberlake/Justin_Timberlake_0001.jpg, Justin_Timberlake/Justin_Timberlake_0006.jpg, Derek_King/Derek_King_0001.jpg
Barbara_Walters/Barbara_Walters_0004.jpg, Barbara_Walters/Barbara_Walters_0003.jpg, Malcolm_Wild/Malcolm_Wild_0001.jpg
Jennifer_Lopez/Jennifer_Lopez_0016.jpg, Jennifer_Lopez/Jennifer_Lopez_0021.jpg, Jeremy_Fogel/Jeremy_Fogel_0001.jpg
Herb_Sendek/Herb_Sendek_0004.jpg, Herb_Sendek/Herb_Sendek_0003.jpg, Brian_Cook/Brian_Cook_0001.jpg
Arantxa_Sanchez-Vicario/Arantxa_Sanchez-Vicario_0002.jpg, Arantxa_Sanchez-Vicario/Arantxa_Sanchez-Vicario_0001.jpg, Erin_Hershey_Presley/Erin_Hershey_Presley_0001.jpg
Tim_Henman/Tim_Henman_0015.jpg, Tim_Henman/Tim_Henman_0018.jpg, Herb_Ritts/Herb_Ritts_0001.jpg
Romano_Prodi/Romano_Prodi_0006.jpg, Romano_Prodi/Romano_Prodi_0002.jpg, Solomon_Passy/Solomon_Passy_0001.jpg
Gonzalo_Sanchez_de_Lozada/Gonzalo_Sanchez_de_Lozada_0008.jpg, Gonzalo_Sanchez_de_Lozada/Gonzalo_Sanchez_de_Lozada_0007.jpg, Carly_Gullickson/Carly_Gullickson_0001.jpg
Don_Nickles/Don_Nickles_0002.jpg, Don_Nickles/Don_Nickles_0001.jpg, Fred_Durst/Fred_Durst_0001.jpg
Costas_Simitis/Costas_Simitis_0001.jpg, Costas_Simitis/Costas_Simitis_0005.jpg, Nick_Rimando/Nick_Rimando_0001.jpg
Lisa_Ling/Lisa_Ling_0001.jpg, Lisa_Ling/Lisa_Ling_0002.jpg, Sharess_Harrell/Sharess_Harrell_0001.jpg
Richard_Armitage/Richard_Armitage_0001.jpg, Richard_Armitage/Richard_Armitage_0006.jpg, Ahmed_Qureia/Ahmed_Qureia_0001.jpg
Miroljub/Miroljub_0001.jpg, Miroljub/Miroljub_0002.jpg, David_Westerfield/David_Westerfield_0001.jpg
Jean_Charest/Jean_Charest_0014.jpg, Jean_Charest/Jean_Charest_0005.jpg, Matthew_During/Matthew_During_0001.jpg
Albert_Costa/Albert_Costa_0006.jpg, Albert_Costa/Albert_Costa_0003.jpg, Leonardo_Del_Vecchio/Leonardo_Del_Vecchio_0001.jpg
Pedro_Malan/Pedro_Malan_0004.jpg, Pedro_Malan/Pedro_Malan_0003.jpg, AJ_Cook/AJ_Cook_0001.jpg
John_Banko/John_Banko_0001.jpg, John_Banko/John_Banko_0002.jpg, David_Modell/David_Modell_0001.jpg
Chen_Liang_Yu/Chen_Liang_Yu_0002.jpg, Chen_Liang_Yu/Chen_Liang_Yu_0001.jpg, John_Eder/John_Eder_0001.jpg
Iain_Duncan_Smith/Iain_Duncan_Smith_0004.jpg, Iain_Duncan_Smith/Iain_Duncan_Smith_0001.jpg, Itamar_Franco/Itamar_Franco_0001.jpg
Angela_Bassett/Angela_Bassett_0002.jpg, Angela_Bassett/Angela_Bassett_0003.jpg, Penelope_Taylor/Penelope_Taylor_0001.jpg
Garry_Trudeau/Garry_Trudeau_0001.jpg, Garry_Trudeau/Garry_Trudeau_0002.jpg, Michael_Weiss/Michael_Weiss_0001.jpg
Prince_Charles/Prince_Charles_0004.jpg, Prince_Charles/Prince_Charles_0005.jpg, Maurice_Papon/Maurice_Papon_0001.jpg
John_Stockton/John_Stockton_0001.jpg, John_Stockton/John_Stockton_0003.jpg, Daniel_Scioli/Daniel_Scioli_0001.jpg
Michael_Jackson/Michael_Jackson_0011.jpg, Michael_Jackson/Michael_Jackson_0001.jpg, Christy_Ferer/Christy_Ferer_0001.jpg
Larry_Bowa/Larry_Bowa_0002.jpg, Larry_Bowa/Larry_Bowa_0001.jpg, Chris_Matthews/Chris_Matthews_0001.jpg
John_Travolta/John_Travolta_0007.jpg, John_Travolta/John_Travolta_0006.jpg, Karen_Lynn_Gorney/Karen_Lynn_Gorney_0001.jpg
Jorge_Castaneda/Jorge_Castaneda_0001.jpg, Jorge_Castaneda/Jorge_Castaneda_0002.jpg, Diana_Silvius/Diana_Silvius_0001.jpg
Ben_Affleck/Ben_Affleck_0004.jpg, Ben_Affleck/Ben_Affleck_0006.jpg, Steve_Shiver/Steve_Shiver_0001.jpg
Kofi_Annan/Kofi_Annan_0010.jpg, Kofi_Annan/Kofi_Annan_0019.jpg, Greg_Hennigar/Greg_Hennigar_0001.jpg
Michael_Powell/Michael_Powell_0001.jpg, Michael_Powell/Michael_Powell_0002.jpg, Ramon_Ponce_de_Leon/Ramon_Ponce_de_Leon_0001.jpg
Joan_Laporta/Joan_Laporta_0006.jpg, Joan_Laporta/Joan_Laporta_0004.jpg, Andrzej_Tyszkiewicz/Andrzej_Tyszkiewicz_0001.jpg
Celine_Dion/Celine_Dion_0008.jpg, Celine_Dion/Celine_Dion_0006.jpg, George_Murphy/George_Murphy_0001.jpg
Ron_Dittemore/Ron_Dittemore_0006.jpg, Ron_Dittemore/Ron_Dittemore_0008.jpg, David_Brinkley/David_Brinkley_0001.jpg
Vidar_Helgesen/Vidar_Helgesen_0002.jpg, Vidar_Helgesen/Vidar_Helgesen_0001.jpg, Mary_Robinson/Mary_Robinson_0001.jpg
Erika_Harold/Erika_Harold_0003.jpg, Erika_Harold/Erika_Harold_0004.jpg, Zalmay_Khalilzad/Zalmay_Khalilzad_0001.jpg
Naomi_Watts/Naomi_Watts_0019.jpg, Naomi_Watts/Naomi_Watts_0011.jpg, Kelly_Leigh/Kelly_Leigh_0001.jpg
Robert_De_Niro/Robert_De_Niro_0002.jpg, Robert_De_Niro/Robert_De_Niro_0004.jpg, Bruce_Gebhardt/Bruce_Gebhardt_0001.jpg
Mian_Khursheed_Mehmood_Kasuri/Mian_Khursheed_Mehmood_Kasuri_0004.jpg, Mian_Khursheed_Mehmood_Kasuri/Mian_Khursheed_Mehmood_Kasuri_0002.jpg, Peter_Harvey/Peter_Harvey_0001.jpg
Jessica_Alba/Jessica_Alba_0001.jpg, Jessica_Alba/Jessica_Alba_0002.jpg, Sanjay_Chawla/Sanjay_Chawla_0001.jpg
Sylvester_Stallone/Sylvester_Stallone_0005.jpg, Sylvester_Stallone/Sylvester_Stallone_0007.jpg, Abdel_Aziz_Al-Hakim/Abdel_Aziz_Al-Hakim_0001.jpg
William_Bulger/William_Bulger_0002.jpg, William_Bulger/William_Bulger_0003.jpg, Alastair_Johnston/Alastair_Johnston_0001.jpg
Mark_Wahlberg/Mark_Wahlberg_0002.jpg, Mark_Wahlberg/Mark_Wahlberg_0003.jpg, Jeff_Roehm/Jeff_Roehm_0001.jpg
Julianne_Moore/Julianne_Moore_0002.jpg, Julianne_Moore/Julianne_Moore_0001.jpg, Daniel_Kurtzer/Daniel_Kurtzer_0001.jpg
Billy_Crystal/Billy_Crystal_0006.jpg, Billy_Crystal/Billy_Crystal_0004.jpg, Todd_Robbins/Todd_Robbins_0001.jpg
Tyron_Garner/Tyron_Garner_0002.jpg, Tyron_Garner/Tyron_Garner_0001.jpg, Beth_Jones/Beth_Jones_0001.jpg
Valery_Giscard_dEstaing/Valery_Giscard_dEstaing_0004.jpg, Valery_Giscard_dEstaing/Valery_Giscard_dEstaing_0006.jpg, Ronnie_Jagday/Ronnie_Jagday_0001.jpg
Cate_Blanchett/Cate_Blanchett_0001.jpg, Cate_Blanchett/Cate_Blanchett_0002.jpg, Milton_Berle/Milton_Berle_0001.jpg
Jay_Garner/Jay_Garner_0005.jpg, Jay_Garner/Jay_Garner_0002.jpg, Deepa_Mehta/Deepa_Mehta_0001.jpg
Lili_Taylor/Lili_Taylor_0002.jpg, Lili_Taylor/Lili_Taylor_0001.jpg, Amy_Redford/Amy_Redford_0001.jpg
James_Kelly/James_Kelly_0001.jpg, James_Kelly/James_Kelly_0003.jpg, Mike_Matheny/Mike_Matheny_0001.jpg
Rogerio_Romero/Rogerio_Romero_0002.jpg, Rogerio_Romero/Rogerio_Romero_0001.jpg, Alfonso_Portillo/Alfonso_Portillo_0001.jpg
Nora_Bendijo/Nora_Bendijo_0002.jpg, Nora_Bendijo/Nora_Bendijo_0001.jpg, Lara_Logan/Lara_Logan_0001.jpg
Kate_Winslet/Kate_Winslet_0001.jpg, Kate_Winslet/Kate_Winslet_0003.jpg, Bill_Butler/Bill_Butler_0001.jpg
Jeremy_Greenstock/Jeremy_Greenstock_0004.jpg, Jeremy_Greenstock/Jeremy_Greenstock_0024.jpg, Carlos_Savedra/Carlos_Savedra_0001.jpg
Martin_Scorsese/Martin_Scorsese_0001.jpg, Martin_Scorsese/Martin_Scorsese_0007.jpg, Noer_Moeis/Noer_Moeis_0001.jpg
Chen_Shui-bian/Chen_Shui-bian_0002.jpg, Chen_Shui-bian/Chen_Shui-bian_0001.jpg, Laura_Elena_Harring/Laura_Elena_Harring_0001.jpg
Michael_Douglas/Michael_Douglas_0003.jpg, Michael_Douglas/Michael_Douglas_0004.jpg, Luc_Montagnier/Luc_Montagnier_0001.jpg
Pamela_Anderson/Pamela_Anderson_0004.jpg, Pamela_Anderson/Pamela_Anderson_0003.jpg, Tom_Hanusik/Tom_Hanusik_0001.jpg
Naoto_Kan/Naoto_Kan_0001.jpg, Naoto_Kan/Naoto_Kan_0002.jpg, William_Perry/William_Perry_0001.jpg
Bob_Geldof/Bob_Geldof_0002.jpg, Bob_Geldof/Bob_Geldof_0001.jpg, Maria_Shkolnikova/Maria_Shkolnikova_0001.jpg
John_Manley/John_Manley_0007.jpg, John_Manley/John_Manley_0001.jpg, Stefan_Koubek/Stefan_Koubek_0001.jpg
Bill_Simon/Bill_Simon_0015.jpg, Bill_Simon/Bill_Simon_0013.jpg, Maria_Simon/Maria_Simon_0001.jpg
Jeffrey_Immelt/Jeffrey_Immelt_0001.jpg, Jeffrey_Immelt/Jeffrey_Immelt_0002.jpg, Claudio_Abbado/Claudio_Abbado_0001.jpg
Kim_Jong-Il/Kim_Jong-Il_0004.jpg, Kim_Jong-Il/Kim_Jong-Il_0003.jpg, Milt_Palacio/Milt_Palacio_0001.jpg
Owen_Wilson/Owen_Wilson_0002.jpg, Owen_Wilson/Owen_Wilson_0001.jpg, Gregorio_Honasan/Gregorio_Honasan_0001.jpg
Julie_Gerberding/Julie_Gerberding_0008.jpg, Julie_Gerberding/Julie_Gerberding_0006.jpg, Pete_Aldridge/Pete_Aldridge_0001.jpg
Nicole_Kidman/Nicole_Kidman_0005.jpg, Nicole_Kidman/Nicole_Kidman_0017.jpg, Peter_Goldmark/Peter_Goldmark_0001.jpg
Jason_Alexander/Jason_Alexander_0001.jpg, Jason_Alexander/Jason_Alexander_0002.jpg, Alberto_Gonzales/Alberto_Gonzales_0001.jpg
Nestor_Kirchner/Nestor_Kirchner_0009.jpg, Nestor_Kirchner/Nestor_Kirchner_0025.jpg, Andreas_Vinciguerra/Andreas_Vinciguerra_0001.jpg
Tommy_Thompson/Tommy_Thompson_0004.jpg, Tommy_Thompson/Tommy_Thompson_0006.jpg, Nick_Turner/Nick_Turner_0001.jpg
Rafael_Ramirez/Rafael_Ramirez_0003.jpg, Rafael_Ramirez/Rafael_Ramirez_0002.jpg, JP_Suarez/JP_Suarez_0001.jpg
Susan_Sarandon/Susan_Sarandon_0006.jpg, Susan_Sarandon/Susan_Sarandon_0005.jpg, Ekke_Hard_Forberg/Ekke_Hard_Forberg_0001.jpg
Paul_Wolfowitz/Paul_Wolfowitz_0002.jpg, Paul_Wolfowitz/Paul_Wolfowitz_0001.jpg, Kamel_Morjane/Kamel_Morjane_0001.jpg
Zoran_Djindjic/Zoran_Djindjic_0002.jpg, Zoran_Djindjic/Zoran_Djindjic_0003.jpg, Eric_Lloyd/Eric_Lloyd_0001.jpg
Gerry_Parsky/Gerry_Parsky_0001.jpg, Gerry_Parsky/Gerry_Parsky_0002.jpg, Fatmir_Limaj/Fatmir_Limaj_0001.jpg
Jose_Maria_Aznar/Jose_Maria_Aznar_0019.jpg, Jose_Maria_Aznar/Jose_Maria_Aznar_0003.jpg, Stephen_Joseph/Stephen_Joseph_0001.jpg
Victoria_Clarke/Victoria_Clarke_0005.jpg, Victoria_Clarke/Victoria_Clarke_0003.jpg, Gerald_Ford/Gerald_Ford_0001.jpg
